lat,lng
43.3713,-8.4188
50.7762,6.0838
57.0337,9.9166
5.1167,7.3667
6.3249,8.1137
53.7167,91.4167
49.05,-122.3167
7.15,3.35
57.15,-2.11
35.8642,140.0282
32.4543,-99.7384
30.1204,74.29
24.4781,54.3686
9.0556,7.4914
9.5597,-69.2019
5.6037,-0.187
56.2817,90.5039
37,35.325
-34.9289,138.6011
12.8,45.0333
38.7581,30.5386
30.4167,-9.5833
23.8333,91.2667
21.876,-102.296
19.0833,74.7333
26.468,74.639
35.7056,139.3536
39.7197,140.1025
20.7333,77
41.0798,-81.5219
38.3686,34.0297
41.1664,80.25
7.25,5.195
-12.1356,-38.4192
36.5436,31.9997
38.9956,-1.8558
-26.2672,28.1219
35.1053,-106.6464
-36.0806,146.9158
36.2,37.15
31.2,29.9167
31.2923,-92.4702
36.1267,-5.4665
36.7764,3.0586
40.5961,-75.4756
43.25,76.9
36.8333,-2.45
54.9,52.3
6.1167,100.3667
47.8666,88.1166
27.5667,76.6167
38.75,-9.2333
35.1988,-101.8311
-1.2417,-78.6197
-3.705,128.17
-22.7392,-47.3314
49.892,2.299
31.6167,74.85
52.35,4.9166
9.4333,-64.4667
33.839,-117.8572
14.6833,77.6
61.1508,-149.1091
43.6167,13.5167
46.4078,125.3252
40.7,72.35
52.5667,103.9167
47.4736,-0.5542
41.0167,70.1333
32.6877,109.0235
39.93,32.85
42.2755,-83.7312
30.5,117.0333
36.3619,119.1072
41.1066,122.9895
26.2456,105.934
36.9081,30.6956
-18.9386,47.5214
42.4742,-88.0721
14.5842,121.1763
-23.6464,-70.398
-19.8667,47.0333
51.2211,4.3997
-16.3269,-48.9528
-23.55,-51.47
50.3,57.1667
-10.9111,-37.0717
46.1667,21.3167
-7.19,-48.21
-9.7525,-36.6611
-21.7939,-48.1758
-22.3569,-47.3839
-21.2089,-50.4328
-16.3988,-71.5369
-18.4784,-70.3211
64.55,40.5333
35.2594,-89.668
45,41.1167
4.5389,-75.6725
51.988,5.923
-3.3667,36.6833
39.8321,-105.1511
55.3833,43.8
43.7706,142.365
31.7978,34.6503
31.6658,34.5664
15.3333,38.9167
46.3333,48.0167
-25.3,-57.6333
37.9794,23.7161
-23.1172,-46.5506
33.1136,-94.1672
-36.85,174.7833
48.3717,10.8983
36.9674,-93.7183
43.6718,-92.9783
6.2,7.0667
-13.1631,-74.2244
11.6804,10.19
10.6765,122.9509
14.4624,120.9645
38.8803,-6.9753
41.4333,2.2333
5.4667,10.4167
33.35,44.4167
17.3433,96.4981
24.1,88.25
29.3956,71.6722
11.585,37.39
47.6597,23.5819
23.901,106.6194
36.5448,104.1766
35.3529,-119.0359
40.3667,49.8352
52.039,47.7839
55.8,37.95
-1.1489,116.9031
39.3051,-76.6144
11.5204,13.69
12.6458,-7.9922
5.9333,10.1667
5.55,95.3175
-6.95,107.5667
12.9699,77.598
23.07,88.82
13.75,100.5167
4.3732,18.5628
44.7667,17.1833
-3.3333,114.5833
-8.195,114.3696
38.8671,115.4845
25.1211,99.169
-21.2258,-43.7739
41.3825,2.1769
10.1333,-64.6833
41.1253,16.8667
8.6333,-70.2167
53.3567,83.7872
10.0678,-69.3467
-22.56,-44.17
7.09,-73.85
10.96,-74.8
-12.1528,-44.99
-20.5569,-48.5678
44.3711,-79.6769
-23.5111,-46.8764
47.5606,7.5906
51.5761,0.4886
32.0231,34.7503
1.85,9.75
13.75,121.05
47.1333,39.75
37.8833,41.1333
30.4418,-91.131
10.3158,9.8442
-22.3147,-49.0606
20.3817,-76.6428
33.9076,-116.9766
25.42,86.13
48.2395,126.5037
21.4667,109.1
41.802,120.7621
-19.8333,34.85
33.8869,35.5131
-6.2333,107
54.5964,-5.93
15.8667,74.5
50.6,36.6
44.8167,20.4667
15.15,76.915
40.4945,-80.055
6.33,-75.57
-19.8917,-43.9478
-1.4558,-48.5039
32.9354,117.3531
32.1167,20.0667
-3.7956,102.2592
-12.55,13.4167
-26.1883,28.3206
41.292,123.761
33.2847,131.4911
59.4167,56.7833
45.695,9.67
60.3925,5.3233
50.9917,7.1367
38.7439,-90.3361
52.5167,13.3833
46.948,7.4474
4.5833,13.6833
47.24,6.02
-26.45,29.45
22.82,88.35
27.2172,77.49
27.6833,84.4333
21.2167,81.4333
19.3,73.0667
23.2504,69.81
9.0804,6.01
52.0167,8.5333
49.7956,30.1167
43.2622,-2.9533
3.6,98.4853
3.17,113.03
37.3806,118.0125
-21.2889,-50.34
52.48,-1.9025
42.5447,-83.2166
12.4504,4.1999
1.4472,125.1978
52.5167,85.1667
10.9575,106.8426
53.748,-2.482
53.8142,-3.0503
55.0333,55.9833
-15.7861,35.0058
-8.1,112.15
-29.1,26.2167
-26.9189,-49.0658
2.82,-60.6719
51.4833,7.2167
-6.6,106.8
4.6126,-74.0705
44.4939,11.3428
53.578,-2.429
50.7339,7.0997
0.1333,117.5
44.84,-0.58
42.6528,-78.7555
51.5232,6.9253
-22.8858,-48.445
50.72,-1.88
33.8626,115.7742
53.8,-1.75
41.5333,-8.4167
-22.9189,-46.5425
19.32,84.8
-26.2353,28.37
-15.7744,-48.0773
48.1447,17.1128
56.1667,101.6167
53.1153,8.7975
53.55,8.5833
45.5389,10.2203
52.0847,23.6569
48.39,-4.49
41.1918,-73.1953
50.8429,-0.1313
-27.4678,153.0281
51.45,-2.5833
-25.6167,27.7667
35.589,-89.2578
50.8467,4.3517
53.25,34.3667
7.1186,-73.1161
44.4,26.0833
47.4983,19.0408
28.03,79.09
3.8724,-77.0505
42.9016,-78.8487
-3.3825,29.3611
5.3617,100.461
28.4104,77.8484
-20.1667,28.5667
26.3333,43.9667
41.7444,-87.7686
42.5,27.4667
42.35,-3.6822
40.1833,29.0667
5.3942,100.3664
8.9534,125.5288
53.1167,18
50.347,18.923
10.4,-71.4333
-22.8789,-42.0189
10.0331,-69.2633
10.9587,123.3086
49.18,-0.37
39.2224,9.104
10.1831,-67.45
-16.9303,145.7703
30.0561,31.2394
-7.1644,-78.5106
4.95,8.325
8.9219,-67.4283
-22.4624,-68.9272
51.05,-114.0667
3.44,-76.5197
11.9136,109.1369
21.3786,-77.9186
52.2053,0.1192
45.5612,-93.2283
19.85,-90.5306
-7.2306,-35.8811
-22.9009,-47.0573
-20.4686,-54.6222
-21.7523,-41.3304
-35.2931,149.1269
21.1606,-86.8475
38.3037,116.8452
-29.92,-51.18
5.1,-1.25
26.6446,-81.9956
-33.925,18.425
10.5,-66.9333
-23.5228,-46.8358
18.4054,-65.9792
18.5333,-72.4
36.9394,-76.5264
10.4236,-75.5253
37.6,-0.9819
4.75,-75.91
-8.28,-35.98
35.782,-78.8191
10.6722,-63.2403
33.5992,-7.62
-24.9558,-53.4553
-1.2939,-47.9264
-28.4686,-65.7792
-21.14,-48.98
37.5027,15.0873
10.6,-67.0333
-4.833,-43.35
41.9665,-91.6782
20.5222,-100.8122
19.2647,-98.8975
22.8,88.37
22.8667,88.3833
33.2826,-111.8516
43.9,125.2
29.0397,111.6839
31.8122,119.9692
41.5757,120.4486
23.67,116.63
-27.1,-52.64
10.2431,-66.8622
50.4167,4.4442
39.4842,-88.1781
42.5662,-84.8304
35.0657,-85.2488
56.1333,47.25
51.7361,0.4798
51.9,-2.0667
55.15,61.4
50.8333,12.9167
40.9739,117.9322
30.6636,104.0667
25.7989,113.0267
59.1333,37.9167
49.4444,32.0597
44.2222,42.0575
51.5,31.3
48.2908,25.9344
36.6778,-76.3024
18.5036,-88.3053
18.7889,98.9833
41.8373,-87.6862
-6.763,-79.8366
42.2663,118.9223
35.3339,139.4047
28.6353,-106.0889
17.55,-99.5
19.4167,-98.9
-9.0745,-78.5936
-19.1167,33.45
12.6242,-87.1297
-13.45,-76.1333
-12.5447,27.8708
31.7167,72.9833
47.0056,28.8575
52.0333,113.5
24.8894,74.6239
-18,31.1
30.6583,117.4849
13.3611,100.985
29.55,106.5069
-11.9431,-76.7094
-43.5309,172.6365
32.6281,-117.0145
32.3062,118.3115
22.1456,-80.4364
-6.0027,106.0112
-6.8833,107.5333
39.1413,-84.5061
-6.7167,108.5667
8.1167,-63.55
8.3596,-62.6517
21.9833,-99.0167
38.3221,-85.7673
27.9789,-82.7622
30.3374,-95.0931
19.6333,-99.0931
18.15,-94.4333
-17.3935,-66.157
40.2111,-8.4291
51.8917,0.903
19.2433,-103.7247
50.9422,6.9578
6.9167,79.8333
38.8674,-104.7606
35.6235,-87.0486
39.9862,-82.985
-45.8667,-67.5
9.5092,-13.7122
37.9722,-122.0016
-31.3922,-58.0169
-20.67,-43.79
36.365,6.6147
55.6786,12.5635
-29.9532,-71.338
26.2702,-80.2591
51.9,-8.4731
11.395,-69.6816
33.8616,-117.5649
27.726,-97.3755
-27.4833,-58.8167
33.6667,-117.9135
7.2167,124.25
-23.6039,-46.9189
6.4,2.52
51.7606,14.3342
52.4081,-1.5106
44.3333,23.8167
51.1092,-0.1872
-28.68,-49.39
19.65,-99.25
18.8167,-98.95
-23.8953,-46.4256
14.4667,78.8167
-2.8974,-79.0045
18.9186,-99.2342
-15.5958,-56.0969
24.8069,-107.3939
10.45,-64.1667
-25.4297,-49.2719
-13.5183,-71.9781
9.1833,105.15
18.8942,-96.9347
37.8833,-4.7667
10.1667,-66.8833
7.9075,-72.5047
26.7319,67.775
14.7319,-17.4572
25.7003,100.1564
38.9131,121.61
32.7936,-96.7662
33.5131,36.2919
11.75,11.9667
40.1167,124.3833
49.8667,8.65
14.3294,120.9367
55.8714,26.5161
7.0667,125.6
14.0367,98.1867
35.4912,-85.012
8.75,38.9833
47.53,21.6392
44.5323,125.6965
28.66,77.23
28.1931,-105.4717
18.55,-72.3
37.7731,29.0878
-8.6667,115.2167
33.2176,-97.1419
39.7621,-104.8759
-6.394,106.8225
30.05,70.6333
31.8167,70.9167
42.0692,48.2958
52.9167,-1.4667
41.5725,-93.6105
42.3834,-83.1024
31.1289,104.395
37.4513,116.3105
23.7161,90.3961
14.4142,77.715
-23.6858,-46.6228
27.4833,95
6.75,125.35
47.3167,5.0167
54.2333,49.5833
10.35,77.95
38.5158,114.9845
14.655,-16.2314
9.5833,41.8667
-20.1495,-44.9
9.7004,1.68
-6.25,35.75
25.3,51.5333
32.8534,120.3037
51.5139,7.4653
4.05,9.7
-22.23,-54.81
33.9379,-118.1312
51.0493,13.7384
25.2697,55.3094
53.3425,-6.2658
52.508,-2.089
51.4322,6.7611
1.6667,101.45
56.462,-2.9707
-45.8667,170.5
43.3667,128.2333
24.0167,-104.6667
-29.8583,31.025
43.1174,-70.9195
41.3167,19.45
38.5731,68.7864
56.2333,43.45
51.2311,6.7724
-33.0153,27.9116
34.0326,-118.1691
50.77,0.28
43.1039,141.5361
19.6097,-99.06
55.953,-3.189
41.6781,26.5594
40.536,-74.3697
53.5344,-113.4903
3.8,10.1333
51.43,5.5
51.7298,75.3266
10.3059,-67.6321
34.0739,-118.0291
31.8479,-106.4309
15.4,-87.8
8.8858,-64.2611
41.1125,20.0822
0.5167,35.2833
55.8,38.45
46.3167,44.2667
40.6657,-74.1912
22.1879,112.3131
51.4667,46.1167
31.8578,-116.6058
6.4403,7.4942
50.9787,11.0328
49.5964,11.0044
11.3408,77.7172
39.7464,39.4914
39.9097,41.2756
33.1347,-117.0722
14.305,-90.785
60.21,24.66
51.4508,7.0131
44.0563,-123.1173
42.7781,-89.2967
50.7167,-3.5333
39.3301,-84.5409
31.418,73.079
25.8804,80.8
36.0713,-94.166
40.4543,124.0646
44.8353,11.6199
-21.4333,47.0833
43.0235,-83.6922
43.7714,11.2542
1.6142,-75.6117
-27.5933,-48.553
41.4584,15.5519
34.0968,-117.4599
44.2225,12.0408
-26.1847,-58.1758
40.5478,-105.0656
26.1412,-80.1464
41.0886,-85.1437
32.7811,-97.3473
-3.7275,-38.5275
23.0292,113.1056
-20.5389,-47.4008
-23.2817,-46.7425
50.1136,8.6797
8.4833,-13.2331
41.3536,-83.1148
23.175,-102.8675
36.7831,-119.7941
35.1614,138.6764
41.43,140.1106
33.8841,-117.9279
11.5204,7.32
41.8708,123.8917
42.0127,121.6486
30.0533,119.9519
45.1804,124.82
27.9814,116.3577
49.4783,10.9903
-24.6569,25.9086
38.7931,-77.6347
25.8292,114.9336
36.3833,119.75
21.9392,110.8461
-8.89,-36.5
33.7787,-117.9601
32.91,-96.6305
9.3,13.4
12.8705,11.04
24.75,85.0167
37.0667,37.3833
54.5189,18.5319
-38.15,144.35
51.5167,7.1
46.2,6.15
44.4072,8.934
51.0536,3.7253
-33.9667,22.45
6.7833,-58.1667
50.8782,12.0824
43.5293,-5.6773
33.3101,-111.7463
51.0375,-2.2748
4.31,-74.81
55.8609,-4.2514
58.1333,52.65
33.5791,-112.2311
50.2976,18.6766
22.7755,73.6149
-16.6789,-49.2539
31.15,72.6833
-28.0167,153.4
10.2904,11.17
43.5036,124.8088
26.7611,83.3667
0.5411,123.0594
-18.87,-41.97
37.1781,-3.6008
32.6872,-97.0209
42.962,-85.6562
47.0667,15.4333
44.515,-87.9896
36.0956,-79.8269
45.1715,5.7224
53.2204,6.58
10.2261,-67.877
20.6767,-103.3475
22.7528,-102.5078
9.0436,-69.7489
31.6189,113.8229
32.4353,105.8398
23.1288,113.259
20.1383,-75.2061
-25.38,-51.48
-22.8167,-45.2278
10.4739,-66.5383
-23.9936,-46.2564
-23.4667,-46.5333
14.6099,-90.5252
10.4717,-66.5406
-2.1833,-79.8833
43.55,-80.25
25.2667,110.2833
26.5794,106.7078
32.15,74.1833
32.5736,74.0789
17.3333,76.8333
2.7667,32.3056
15.17,77.38
28.45,77.02
12.1704,6.66
26.215,78.1931
-19.458,29.82
40.7833,43.8333
25.5611,-103.4983
51.5339,9.9356
52.3804,4.63
34.5578,135.6061
51.3594,7.475
40.8523,122.7474
32.8,34.9833
20.02,110.32
47.4585,126.9632
41.7733,140.7261
22.0257,88.0583
44.6475,-63.5906
52.0608,8.3597
34.7167,137.7333
53.55,10
43.2567,-79.8692
-37.7833,175.2833
51.6667,7.8167
37.0551,-76.363
34.8992,136.9267
36.6116,114.4894
39.232,117.777
30.25,120.1675
21.0245,105.8412
33.0794,107.026
-17.8292,31.0522
45.75,126.6333
9.56,44.065
43.6644,-72.3866
13.005,76.1028
7.0167,100.4667
37.6328,-122.0772
35.7497,114.2887
31.8639,117.2808
47.3139,130.2775
49.4122,8.71
49.1404,9.218
60.1756,24.9342
35.4446,-88.6531
37.7348,115.686
26.8968,112.5857
29.0989,-110.9542
51.5426,7.219
35.2333,115.4333
25.8696,-80.3046
39.5419,-104.9708
18.616,-68.708
35.2744,136.2597
52.15,9.95
13.83,77.49
35.6714,139.395
35.3231,139.3422
34.3853,132.4553
29.1489,75.7367
36.6,140.65
10.8167,106.6333
-42.8806,147.325
40.8151,111.6629
20.8883,-76.2558
26.0294,-80.1679
48.3336,38.0925
-22.8583,-47.22
15.2667,76.4
29.7863,-95.3889
53.6667,23.8167
24.8047,120.9714
42.9688,126.7388
33.9562,116.789
27.5494,109.9592
32.4831,117.0164
33.58,119.03
-12.7667,15.7333
-12.0667,-75.2167
28.65,121.25
15.36,75.125
53.645,-1.7798
37.25,-6.95
19.3611,-99.3508
23.1115,114.4152
33.696,-118.0025
34.6988,-86.6412
30.8695,120.0958
-9.9294,-76.2397
20.8172,105.3375
7.3964,3.9167
4.4378,-75.2006
0.3628,-78.13
13.9759,44.1709
-14.0667,-75.7333
16.7,74.47
35.4981,140.1156
35.7219,139.9311
35.3728,140.3689
35.9333,36.6333
35.5147,137.8219
7.5304,5.76
34.6919,135.7006
-14.7936,-39.0395
8.2333,124.25
10.7167,122.5667
8.5,4.55
34.0661,132.9978
-5.52,-47.49
35.25,136.7833
-23.0903,-47.2181
38.951,-84.5492
39.7771,-86.1458
22.7206,75.8472
-6.3356,108.319
33.9566,-118.3444
48.7636,11.4261
47.2683,11.3933
-19.4796,-42.52
4.6,101.07
52.0594,1.1556
-20.2141,-70.1524
-3.7333,-73.25
20.6667,-101.35
32.5556,35.85
-7.77,35.69
52.2833,104.3
35.8358,139.3911
33.6772,-117.7738
32.8584,-96.9702
35.4028,139.315
7.9667,3.6
33.6989,73.0369
30.5833,32.2667
37.7667,30.55
41.01,28.9603
-14.7896,-39.28
-26.8996,-48.68
34.7867,135.4056
-23.5917,-48.0531
-23.5489,-46.9342
-23.4864,-46.3486
-23.2642,-47.2992
57,41
37.0333,140.8833
34.1669,132.2197
7.63,4.18
19.3186,-98.8822
56.85,53.2167
23.1667,79.9333
-8.1803,-35.0014
-23.305,-45.9658
43.3237,-88.166
34.7288,-77.3941
28.2769,68.4514
9.6647,80.0167
28.5,53.56
26.9167,75.8667
-6.2146,106.8451
31.3256,75.5792
8.9004,11.36
-1.59,103.61
32.7333,74.85
22.8,86.1833
-23.5278,-46.9028
31.3342,73.4194
25.7333,82.6833
37.7697,-3.7889
-22.2958,-48.5578
-8.1727,113.6873
-13.85,-40.08
40.7161,-74.0682
31.7833,35.2167
46.8081,130.3653
22.5833,113.0833
31.9087,120.2653
36.2481,119.9625
35.229,113.2304
30.7522,120.75
39.8112,98.2862
33.2605,115.3618
43.85,126.55
36.6667,116.9833
38.5168,102.1866
29.2942,117.2036
29.1046,119.6494
41.03,113.08
41.1144,121.1292
29.7048,116.0021
44.1447,125.8443
18.8833,-99.1667
45.2937,130.965
26.2918,73.0168
-26.2044,28.0416
1.4556,103.7611
41.5189,-88.1499
6.0522,121.0022
9.9333,8.8833
-7.0833,-34.8333
-15.4908,-70.1269
-23.1864,-46.8842
9.9833,122.8167
34.5328,69.1658
-14.4333,28.45
34.7333,135.5833
-18.35,29.9167
10.5231,7.4403
23.7147,103.2585
35.3989,136.8486
54.7167,20.5
51.757,18.083
37.95,23.7
54.5333,36.2667
35.7769,140.0008
30.7258,72.6447
0.3136,32.5811
50.0833,45.4
11.1304,2.94
7.297,80.6385
10.39,-9.31
12,8.5167
39.1239,-94.5541
56.2,95.7
22.6167,120.3
14.152,-16.0726
24.86,67.01
35.8327,50.9915
37.1833,33.2167
45.5928,84.8711
34.9833,137
49.0167,8.4
35.8544,139.9689
15.45,36.4
51.3158,9.4979
33.6108,130.4806
35.25,136.9667
35.9753,139.7525
31.1167,74.45
27.7167,85.3667
50.25,19
12.9908,7.6017
54.9,23.9333
35.9177,139.4911
35.8078,139.7242
33.6,130.8153
38.7333,35.4833
55.7908,49.1144
46.9074,19.6917
-7.8166,112.0119
25.1283,121.7419
49.8881,-119.4956
55.3333,86.0667
-3.9675,122.5947
34.25,-6.5833
45.3386,36.4681
48.4833,135.0667
17.25,80.15
28.6471,70.662
22.3302,87.3237
15.6031,32.5265
46.6333,32.6
55.8892,37.445
14.0649,100.6447
16.4297,102.8297
30.4333,48.1833
22.8167,89.55
27.8,66.6167
54.3233,10.1394
50.8725,20.6319
-1.9536,30.0606
-4.8833,29.6333
31.0754,-97.7296
-28.7386,24.7586
10.06,-12.87
17.9714,-76.7931
35.4667,44.4
54.0833,34.3
35.3761,139.9169
43.91,42.72
-0.1,34.75
43.4186,-80.4728
-12.8208,28.2119
3.0333,101.45
-26.8667,26.6667
2.0383,103.3179
41.3188,-93.1024
50.3597,7.5978
9.9667,76.2833
33.5869,71.4414
35.7108,139.4622
55.0833,38.7833
59.73,30.65
35.2833,136.9167
37.8714,32.4847
41.7646,86.1527
6.5,124.85
35.8911,139.7908
57.7667,40.9333
54.1903,16.1817
30.47,70.9644
5.975,116.0725
25.18,75.83
56.3606,41.3197
6.91,0.6281
44.0142,20.9394
45.0333,38.9833
56.0167,92.8667
51.3333,6.5667
49.0775,33.4239
23.4,88.5
-27.6456,27.2317
47.9086,33.3433
3.1478,101.6953
5.3303,103.1408
3.8167,103.3333
1.5397,110.3542
23.73,86.85
36.1472,139.3886
42.1403,21.7136
6.6833,-1.6167
4.6333,9.45
25.0433,102.7061
-10.1633,123.5778
34.2492,132.5658
55.4408,65.3411
51.7372,36.1872
36.6206,138.5961
35.0622,136.6839
44.4196,84.9012
-18.9167,29.9833
51.7167,94.45
39.4242,29.9833
15.7631,-86.797
-16.4942,-68.1475
24.1422,-110.3108
-34.9333,-57.95
-29.4131,-66.8558
18.417,-68.9666
-29.9027,-71.252
19.2242,-70.5283
37.8919,-122.1189
8.4904,8.52
6.45,3.4
5.03,118.34
31.5497,74.3436
36.1833,117.6667
36.9758,120.7136
39.6977,-105.1168
18.3,99.5
34.7247,-80.7801
39.5196,116.7006
42.7142,-84.5601
36.0617,103.8318
18.2,120.6
32.3849,111.6695
27.5629,-99.4875
27.56,68.2264
28.1272,-15.4314
20.9667,-76.95
36.2333,-115.2654
41.4676,12.9037
46.5333,6.6333
49.49,0.1
48.0077,0.1984
53.7997,-1.5492
51.2101,16.1619
52.6333,-1.1333
51.35,12.3833
26.4179,112.8457
27.6858,111.4279
29.5854,103.7575
51.0333,6.9833
12.4333,-86.8833
42.5989,-5.5669
24.9211,102.4778
36.45,115.9833
41.2643,123.1772
0.3901,9.4544
24.4935,110.3902
-13.3,35.2456
50.6278,3.0583
-13.9833,33.7833
-12.05,-77.0333
-22.5647,-47.4017
45.8353,1.2625
33.5935,-86.1371
36.0812,111.5087
28.8523,121.1409
-19.39,-40.05
43.5171,118.0333
48.3,14.2833
52.6167,39.6
2.2604,32.89
38.7452,-9.1604
34.7256,-92.3576
24.3181,109.4069
53.4,-2.9833
-17.85,25.8667
50.625,5.5907
46.05,14.5167
-12.37,13.5412
42.4704,-2.43
-3.9906,-79.205
42.9836,-81.2497
51.5072,-0.1275
-23.3,-51.18
30.3608,-89.165
10.3686,105.4234
47.3404,123.18
42.77,129.4197
25.0881,117.0244
34.1139,-118.4068
25.7835,-108.9937
10.3411,-67.0406
27.7378,111.9974
15.6167,-16.2167
38.1663,-85.6485
41.2921,-87.4184
-41.2167,174.9167
-8.8383,13.2344
-13.1333,28.4
-14.9167,13.5
33.5659,-101.8878
51.2333,22.5667
13.9333,121.6167
49.4811,8.4353
33.583,114.0109
34.6587,112.4245
-15.4167,28.2833
51.8783,-0.4147
25.6969,32.6422
28.8918,105.4409
45.76,4.84
55.6814,37.8939
39.6385,22.4131
53.8697,10.6864
50.853,5.677
15.2167,120.5833
0.033,-51.0653
-22.38,-41.79
-9.6658,-35.735
-3.2667,-79.9667
31.1817,115.0189
35.5486,139.4467
13.55,78.5
22.7,88.45
34.7114,-86.7626
-7.63,111.5231
40.4189,-3.6919
9.9197,78.1194
9.23,-74.74
52.1278,11.6292
-7.4706,110.2178
53.3833,59.0333
-15.67,46.345
11.8333,13.15
50,8.2711
42.9833,47.4833
7.73,8.53
3.7521,8.7737
-7.98,112.62
38.3554,38.3337
55.5932,13.0214
14.8433,120.8114
1.4931,124.8413
12.15,-86.2667
26.2167,50.5831
-3.1,-60.0167
36.5333,37.95
53.4794,-2.2453
41.7753,-72.5242
21.9769,96.0869
32.5861,73.4917
24.03,75.08
12.5242,76.8958
14.5958,120.9772
38.6131,27.4258
5.06,-75.52
49.4878,8.4661
-0.95,-80.7162
20.3397,-77.1086
19.0522,-104.3158
-26.4833,31.3667
21.6618,110.9178
-25.9153,32.5764
-5.3689,-49.1178
10.6333,-71.6333
10.2469,-67.5958
13.5,7.1
38.4167,45.7667
36.5114,-4.8834
34.1958,72.0447
-23.4095,-51.93
10.5823,14.3275
43.2964,5.37
-3.4135,114.8365
-22.2139,-49.9458
11.9667,-86.1
-29.31,27.48
36.3069,59.6042
25.533,-103.25
23.0494,-81.5736
-8.5833,116.1167
41.54,2.45
27.4833,77.6833
-25.9667,32.4667
35.7878,139.9031
9.7457,-63.1832
-23.6678,-46.4608
16.4847,97.6258
-23.8597,35.3472
44.6,40.0833
23.22,-106.42
52.05,29.2333
-8.9,33.45
21.4225,39.8261
3.6667,98.6667
6.2447,-75.5748
2.1889,102.2511
-37.8136,144.9631
27.5435,-82.5607
-32.8833,-68.8333
-34.65,-59.4333
36.8,34.6167
33.4017,-111.718
32.7623,-96.5889
38.1833,15.55
29.9977,-90.178
19.2511,-99.6047
-5.1167,105.3
49.1203,6.1778
32.6633,-115.4678
14.7333,120.95
53.6833,88.05
25.7839,-80.2102
31.4669,104.7385
55.05,60.1
-31.4939,25.0172
54.5767,-1.2355
-2.1347,-79.5872
45.4669,9.19
43.0642,-87.9673
17.9833,-94.55
34.7717,72.36
9.6139,6.5569
44.9635,-93.2678
53.9022,27.5618
25.9773,-80.3351
4.4028,113.9933
25.5269,69.0111
35.8303,139.8725
48.1,20.7833
30.6783,-88.1162
44.6458,10.9257
37.6374,-121.0028
51.4592,6.6197
2.0408,45.3425
-7.4722,112.4336
-4.05,39.6667
26.9103,-101.4222
6.3106,-10.8047
25.6667,-100.3
8.76,-75.8856
-16.7322,-43.8636
-34.8667,-56.1667
41.5399,-74.2073
43.6119,3.8772
22.1083,95.1358
45.5836,9.2736
14.49,-4.18
6.7804,79.88
19.7683,-101.1894
33.9244,-117.2045
-6.8242,37.6633
55.7558,37.6178
-3.3349,37.3404
-5.19,-37.34
43.3494,17.8125
8.5667,16.0833
10.2686,13.267
44.5861,129.5997
-12.5546,28.2604
47.75,7.34
30.1978,71.4711
48.1372,11.5755
37.9866,-1.1415
31.802,74.255
68.9667,33.0833
55.5725,42.0514
-1.5069,33.8042
-18.9728,32.6694
30.0703,71.1933
29.4708,77.7033
26.12,85.3833
-2.5167,32.9
21.4618,95.3914
55.9167,37.7333
36.7167,-4.4167
36.2675,2.75
20.97,-89.62
51.2,6.4333
51.4283,6.8789
51.9625,7.6256
35.1667,-2.9333
10.2167,123.75
34.9267,135.6956
35.8561,139.9025
35.1167,136.9333
-1.2864,36.8172
67.7504,77.52
13.8194,100.0581
14.9736,102.0831
8.4333,99.9667
-0.2833,36.0667
43.4833,43.6167
17.05,79.27
40.9953,71.6725
-15.1167,39.2667
50.4667,4.8667
28.6842,115.8872
30.7991,106.0784
48.6936,6.1846
32.05,118.7667
22.8192,108.315
47.2181,-1.5528
31.9829,120.8873
23.9167,120.6833
32.9987,112.5292
41.7483,-88.1657
40.8333,14.25
35.6808,140.0267
35.7833,140.3167
23.9,90.7167
36.1715,-86.7843
-5.795,-35.2089
26.2442,68.41
37.9125,28.3206
43.2167,44.7667
-12.9683,28.6337
56.0833,54.25
61.1,72.6
7.2111,79.8386
48.48,124.8738
29.5872,105.0635
2.9275,-75.2875
-25.4745,30.9703
32.3328,34.86
51.2003,6.6939
44.6333,41.9333
28.7,77.2
41.3112,-72.9246
30.0687,-89.9288
40.6943,-73.9249
39.6776,-75.7573
-32.9167,151.75
37.1051,-76.5185
51.5833,-3
19.4,-98.9889
7.3214,13.5839
12.8804,10.45
12.25,109.1833
13.5086,2.1111
43.7034,7.2663
19.5833,-99.3667
37.9161,139.0364
33.9603,133.2834
35.7933,139.5653
29.875,121.5492
34.8667,137.0667
-22.8833,-43.1036
55.6333,51.8167
60.9389,76.595
56.3269,44.0075
57.9167,59.9667
4.95,9.9167
32.5822,131.665
35.955,139.8747
31.3624,-110.9336
64.4833,91.2333
13.8667,100.5167
42.1163,-71.3295
69.3333,88.2167
35.2335,-97.3471
36.288,-115.0901
41.4895,-93.6913
52.63,1.297
52.95,-1.15
18.0783,-15.9744
-22.26,-42.54
45.45,8.6167
45.2644,19.8317
-29.7096,-51.14
56.1167,47.5
47.4222,40.0939
53.75,87.1167
54.0333,38.2667
44.7167,37.7667
55.0333,82.9167
51.2067,58.3281
6.8567,7.3958
42.4647,59.6022
49.4528,11.0778
47.95,21.7167
43.838,4.361
35.2256,-89.5372
17.0833,-96.75
51.4699,6.8514
55.1,36.6167
40.6328,-73.6364
55.4004,10.3833
46.4775,30.7326
55.6733,37.2733
30.81,73.4597
34.95,137.1667
35.4676,-97.5136
54.4772,53.4895
38.8832,-94.8198
53.1439,8.2139
53.5444,-2.1169
-8,-34.85
14.8333,120.2833
53.78,20.4942
41.2627,-96.0522
54.9667,73.3833
7.0904,4.84
15.5,80.05
6.1667,6.7833
40.771,-82.6105
50.6722,17.9253
47.0722,21.9211
33.8038,-117.8218
40.9833,37.8833
18.85,-97.1
28.4772,-81.3369
47.9025,1.909
54.5092,30.4258
51.2145,58.5441
-17.9667,-67.1167
52.9686,36.0694
-23.5328,-46.7919
43.9,-78.85
59.9111,10.7528
37.075,36.25
52.2789,8.0431
-40.5667,-73.15
43.1833,141
45.4247,-75.695
7.1904,8.13
12.3572,-1.5353
65.0142,25.4719
38.887,-94.687
43.3634,-5.8423
5.4833,7.0333
7.2004,5.59
51.7519,-1.2578
34.1963,-119.1815
36.3147,139.8003
7.8333,3.9333
-33.7242,18.9558
20.1,-98.75
-0.9556,100.3606
51.7167,8.7667
45.4064,11.8778
7.8333,123.4333
13.9125,100.4978
21.332,95.0866
30.35,73.4
-2.9833,104.7644
38.1157,13.3613
20.2139,-75.9919
39.5667,2.6497
-10.2128,-48.3603
34.5944,-118.1057
10.16,-67.5582
-0.895,119.8594
42.8167,-1.65
39.7558,-121.6063
9.34,2.62
5.8667,-55.1667
-25.5279,-48.5345
19.2704,76.76
48.8566,2.3522
44.8015,10.328
-2.91,-41.77
39.1552,-76.5537
-28.25,-52.42
1.2136,-77.2811
-7.6406,112.9065
40.9147,-74.1624
16.7667,94.7333
-6.7415,111.0347
25.61,85.1414
52.3156,76.9564
48.52,35.87
-0.2244,100.6325
-6.8883,109.6753
-31.75,-52.33
-12.9667,40.5167
26.0128,-80.3382
53.2,45
40.752,-89.6153
4.8104,-75.68
58.0139,56.2489
42.6986,2.8956
-31.9522,115.8589
43.1121,12.3888
56.9167,59.95
42.4643,14.2142
34,71.5
3.1073,101.6067
52.5833,-0.25
-9.38,-40.51
54.8622,69.1408
61.7833,34.35
-22.505,-43.1789
48.895,8.705
-23.9333,31.1167
40.0077,-75.1339
16.8158,100.2636
33.5722,-112.0891
13.659,100.5329
28.7,-100.5231
-29.5833,30.4167
-22.9239,-45.4617
33.735,113.2999
35.5412,106.6819
22.6761,120.4942
27.6333,113.85
52.1228,26.095
-22.725,-47.6489
40.4396,-79.9762
-5.2008,-80.6253
41.6757,-88.5294
43.4078,24.6203
42.1433,24.7489
50.3714,-4.1422
42.4397,19.2661
55.4297,37.5444
28.2097,83.9853
49.5744,34.5686
34.0585,-117.7626
18.012,-66.6198
-25.09,-50.16
-0.0206,109.3414
50.7167,-1.9833
21.6425,69.6047
11.6667,92.75
-33.9581,25.6
4.75,7
-20.1667,57.5
-9.4789,147.1494
31.25,32.2833
27.8911,-97.3284
17.9667,-76.8667
-30.0328,-51.23
41.1495,-8.6108
-1.0544,-80.4544
50.8058,-1.0872
-27.3667,-55.8969
-26.715,27.1033
-19.5833,-65.75
52.4,13.0667
-22.22,-45.94
-23.5286,-46.345
-3.4328,104.2356
-24.0058,-46.4028
43.8808,11.0966
-22.1258,-51.3889
53.759,-2.699
-25.7464,28.1881
-7.75,113.2167
53.8833,86.7167
41.7033,-111.8121
40.2457,-111.6457
57.8167,28.3333
-8.3833,-74.55
19.0333,-98.1833
38.2705,-104.6112
10.4667,-68.0167
-41.4718,-72.9396
19.7902,-70.6902
9.75,118.75
20.6667,-105.2667
18.5196,73.8553
-15.8433,-70.0236
-53.1627,-70.9081
11.7167,-70.1833
29.7204,113.88
19.8,85.8167
35.7639,115.03
44.0333,43.05
18.8165,95.2114
46.0708,18.2331
-16.4296,-39.08
35.4394,51.5689
36.1167,120.4
23.6842,113.0507
39.9398,119.5881
21.95,108.6167
47.3398,123.9512
34.6461,50.8789
53.2144,63.6246
24.9139,118.5858
-31.9,26.8833
-17.8764,36.8872
38.7566,-9.2545
20.5875,-100.3928
30.192,67.007
14.8333,-91.5167
-1.0333,-79.45
-0.2186,-78.5097
25.5102,103.8029
13.188,32.7437
34.0253,-6.8361
51.4036,21.1567
21.2379,81.6337
35.8325,-78.6435
32.0833,34.8167
-34.1654,-70.7398
34.1248,-117.5666
16.8,96.15
25.75,89.25
37.2833,49.6
22.2492,84.8828
44.4178,12.1994
33.6007,73.0679
12.6742,101.2789
51.4542,-0.9731
-8.0539,-34.8808
51.6167,7.2
50.4547,-104.6067
49.2628,4.0347
51.1906,7.2247
48.1147,-1.6794
39.5497,-119.8483
-22.4689,-44.4469
-27.4514,-58.9867
48.4833,9.2167
64.1475,-21.935
26.0922,-98.2778
34.1174,-117.3894
-23.7108,-46.4128
-21.1783,-47.8067
32.9717,-96.7093
42.8094,-82.7518
56.9475,24.1069
45.3297,14.4322
44.0594,12.5683
-9.9781,-67.8117
-22.4108,-47.5608
-32.0495,-52.12
-1.6743,-78.6483
22.71,88.35
41.831,-87.8169
50.6197,26.2514
24.65,46.71
35.4164,119.4331
42.6866,-83.1198
42.2597,-89.0641
28.9,76.5667
41.8931,12.4828
-16.4695,-54.64
26.2312,104.0966
-32.9575,-60.6394
42.5074,-82.9369
54.0833,12.1333
53.43,-1.357
51.92,4.48
49.4428,1.0886
51.5167,81.2
43.8475,25.9544
-25.65,27.24
54.6167,39.7167
58.05,38.8333
50.0833,18.5
49.2333,7
41.5483,2.1075
38.5667,-121.4683
33.2667,130.3
35.5667,139.3667
25.88,86.6
30.6706,73.1064
53.4541,-2.7461
59.95,30.3167
35.8617,139.6453
35.3308,139.2189
38.9144,139.8364
35.7239,140.2239
20.5703,-101.1972
40.9667,-5.6639
53.3667,55.9333
44.9231,-123.0246
40.6806,14.7597
52.7842,27.5425
36.6884,-121.6317
40.7777,-111.9306
-24.7883,-65.4106
25.4333,-101
-31.3883,-57.9606
-12.9708,-38.5108
47.7972,13.0477
52.1503,10.3593
53.1833,50.1167
-0.5022,117.1536
39.6542,66.9597
21.4704,83.9701
28.58,78.55
41.2867,36.33
13.6004,100.5964
29.4658,-98.5253
34.1417,-117.2946
-33.6,-70.7
18.416,-70.109
7.7682,-72.2322
32.8312,-117.1225
15.0333,120.6833
37.7562,-122.443
37.3019,-121.8486
9.9333,-84.0833
-31.5375,-68.5364
18.4037,-66.0636
-25.3431,-57.5094
22.1511,-100.9761
32.4767,-114.7625
-33.2994,-66.3392
14.0667,121.3167
15.5,-88.0333
14.3583,121.0583
-34.6175,-68.3356
13.6989,-89.1914
35.3097,46.9989
21.9339,-79.4439
5.8388,118.1173
34.7736,111.195
26.2658,117.6302
13.9833,-89.5333
33.7366,-117.8819
21.1406,-100.0619
22.4067,-79.9531
37.3645,-121.968
34.4175,-118.4964
14.1167,121.2833
-31.6333,-60.7
-29.6833,-53.8
11.2361,-74.2017
14.3167,121.1167
38.4458,-122.7067
43.4667,-3.8
-2.4431,-54.7083
-33.45,-70.6667
19.5,-70.67
16.6833,121.55
-23.6572,-46.5333
18.4764,-69.8933
-23.9608,-46.3339
5.8904,5.68
36.2497,46.2733
43.8667,18.4167
54.1833,45.1833
56.4667,53.8
51.5333,46
32.0836,72.6711
9.15,18.3833
52.1333,-106.6833
40.7267,8.5592
47.79,22.89
33.2257,-96.9082
34.5036,135.5556
33.6872,-111.8651
47.6211,-122.3244
4.9433,-1.704
-6.9667,110.4167
50.4111,80.2275
-6.12,106.1503
2.7297,101.9381
56.3,38.1333
54.9167,37.4
-19.4496,-44.25
35.2167,137.0833
38.5243,-8.8926
64.5667,39.85
56.6,84.85
37.3828,-5.9731
3.0833,101.5333
36.8622,114.502
47.7,40.2333
31.1667,121.4667
34.4504,115.65
28.4419,117.9633
24.8011,113.5927
27.3417,117.4869
30,120.5833
32.9387,119.8404
25.3575,55.3919
30.32,112.23
53.3833,-1.4667
31.7083,74
41.8039,123.4258
45.4,-71.9
44.3,86.0333
26.72,88.42
25.5744,91.8789
31.1033,77.1722
13.9304,75.56
-3.6619,33.4231
32.6351,110.7755
39.2333,106.769
32.4656,-93.7956
45.3503,126.28
46.6388,131.1545
42.3,69.6
13.1744,100.9306
45.8,24.15
2.3,111.8167
50.8756,8.0167
37.8417,41.9458
11.3167,-5.6667
24.7904,92.79
34.2663,-118.749
9.2994,-75.3958
1.3,103.8
-8.1152,115.0944
0.9,108.9833
43.5397,-96.732
29.4904,75.03
39.75,37.0167
41.9833,21.4333
51.51,-0.59
54.7828,32.0453
-3.6861,-40.3497
43.5853,39.7203
42.6975,23.3241
5.72,-72.94
8.9833,1.1333
13.0622,5.2339
10.92,-74.77
59.6333,56.7667
51.1667,7.0833
-10.6833,35.65
-23.5019,-47.4578
-0.8667,131.25
50.3,19.1667
41.6767,-86.2696
50.9,-1.4
17.9961,-76.9547
43.51,16.45
47.6671,-117.433
36.0987,-115.2619
40.6994,-74.3253
-26.2547,28.4428
41.1035,-73.5583
42.4247,25.6256
51.2981,37.835
58.9701,5.7333
45.05,41.9833
42.5809,-83.0305
53.6333,55.95
59.3294,18.0686
53.4083,-2.1494
37.9765,-121.3109
48.5833,7.7458
48.7761,9.1775
47.6514,26.2556
-19.0431,-65.2592
46.49,-81.01
29.9667,32.5333
46.6384,126.9808
30.5098,105.5737
-6.9197,106.9272
27.6995,68.8673
-4.9,-80.7
-22.8219,-47.2669
50.9068,34.7992
54.9061,-1.3811
5.65,100.48
32.7974,-96.5577
36.1785,-115.049
-7.2458,112.7378
-7.5667,110.8167
9.1397,99.3306
61.25,73.4333
31.2,16.6
52.563,-1.822
33.6333,116.9683
34.8822,136.5842
51.56,-1.78
-33.865,151.2094
61.6667,50.8167
41.4226,-85.7492
53.1667,48.4667
53.4247,14.5553
46.25,20.1667
47.2,18.4167
-22.0178,-47.8908
-2.53,-44.3028
-23.5504,-46.6339
-23.9633,-46.3922
-5.0167,32.8
35.6939,139.4194
11.2444,125.0039
-18.0556,-70.2483
47.2431,-122.4531
47.2333,38.9
7.4478,125.8078
24.15,120.6667
22.9833,120.1833
25.0478,121.5319
4.85,100.7333
22.7583,121.1444
37.8733,112.5425
28.6583,121.4221
35.3328,137.1322
42.6504,141.55
-4.5833,-81.2667
-35.455,-71.67
-36.7145,-73.1141
10.25,123.8333
30.4551,-84.2526
59.4372,24.745
34.4919,133.9458
9.4075,-0.8533
52.7167,41.4333
27.9942,-82.4451
61.4981,23.7608
22.2553,-97.8686
-37.3167,-59.1333
-5.0667,39.1
-6.1783,106.6319
35.7847,-5.8125
39.6292,118.1742
14.9,-92.2667
40.4181,17.2408
42.8833,71.3667
-21.5317,-64.7311
41.1187,1.2453
36.9167,34.9
58.38,26.7225
41.3,69.2667
-7.3333,108.2
-23.0333,-45.55
20.7833,96.9667
-37.6858,176.1667
4.2981,117.8831
41.7225,44.7925
3.3283,99.1625
-6.8667,109.1333
14.0942,-87.2067
18.4617,-97.3928
5.6667,-0.0167
33.3881,-111.9318
-38.7399,-72.5901
21.5083,-104.8931
-5.0949,-42.8042
37.2242,67.2783
0.7833,127.3667
42.5667,12.65
-16.1579,33.5898
19.52,-98.88
-17.87,-41.5
19.8075,105.7764
52.08,4.27
40.6333,22.95
8.5,76.8997
14.7833,-16.9167
39.9197,-104.9438
34.1914,-118.8755
21.6,105.85
39.1467,117.2056
46.9804,128.045
42.2841,123.8365
32.525,-117.0333
-5.115,-42.845
41.33,19.82
13.65,79.42
19.5367,-99.1947
20.6167,-103.3167
-18.1492,49.4023
40.3097,36.5542
35.7994,139.4689
35.6897,139.6922
10.3833,123.65
41.6639,-83.5822
19.2925,-99.6569
53.5167,49.4167
39.9895,-74.1654
56.4886,84.9522
16.0894,-93.7514
34.9057,108.9422
43.6172,122.264
26.1505,75.79
39.0346,-95.6955
43.7417,-79.3733
33.8346,-118.3417
25.5394,-103.4486
35.5011,134.235
43.1258,5.9306
43.6045,1.444
47.2436,0.6892
-19.2564,146.8183
34.7667,137.3833
34.8268,137.3759
35.0833,137.1567
41.005,39.7225
-43.2533,-65.3094
46.0667,11.1167
49.7567,6.6414
45.6361,13.8042
8.5667,81.2333
32.8752,13.1875
63.44,10.4
-8.1119,-79.0289
36.0667,140.2
32.1545,-110.8782
17.6167,121.7167
54.2,37.6167
20.0833,-98.3667
36.1284,-95.9042
4.0904,-76.21
-3.5667,-80.45
36.8008,10.18
5.5403,-73.3614
38.5,27.7
45.0667,7.7
60.4517,22.27
10.2283,-67.4753
44.5381,18.6761
56.8578,35.9219
50.1667,19
57.15,65.5333
35.5667,-5.3667
39.1,63.5667
33.9517,131.2467
-19.7478,-47.9319
-18.9189,-48.2769
15.2281,104.8594
17.4164,102.75
36.4019,138.2492
54.7333,55.9667
-33.75,25.4
34.8808,135.7794
23.1828,75.7772
63.5667,53.7
47.9203,106.9172
48.3984,9.9916
54.3167,48.3667
5.5333,7.4833
59.8601,17.64
15.9761,120.5711
19.4208,-102.0628
-29.755,-57.0878
43.8,131.95
52.1003,5.12
5.008,7.85
48.6239,22.295
22.3,73.2
-39.8142,-73.2459
39.4667,-0.375
10.1667,-68
41.652,-4.7286
10.4603,-73.2597
38.1133,-122.2358
38.5019,43.4167
40.8128,44.4883
49.25,-123.1
45.6366,-122.5967
-26.6992,27.8356
43.2078,27.9169
58.521,31.2758
45.4397,12.3319
19.1903,-96.1533
-26.6736,27.9319
45.4386,10.9928
45.55,11.55
48.4283,-123.3647
23.5239,77.8061
48.2083,16.3731
17.9667,102.6
42.2358,-8.7267
30.0419,72.3528
-20.3364,-40.2936
17.9892,-92.9281
4.1425,-73.6294
45.7667,4.8803
54.6833,25.2833
18.6733,105.6922
36.7335,-76.0435
36.3276,-119.3269
-20.324,-40.366
18.1167,83.4167
43.0167,44.65
56.1333,40.4167
43.1167,131.9
47.5167,42.15
48.7,44.4833
59.2167,39.9
-22.5196,-44.095
48.7833,44.7667
51.6717,39.2106
-27.7694,30.7914
-15.65,-56.14
-23.2108,-46.8278
59.6173,16.5422
31.5598,-97.1881
-36.849,174.543
52.58,-1.98
17.9756,79.6011
42.4934,-83.027
5.5167,5.75
52.2167,21.0333
40.7049,-89.4346
41.5583,-73.0361
43.4667,-80.5167
51.655,-0.3957
36.7167,119.1
37.5,122.1
34.4996,109.4684
-27.9831,26.7208
-41.2889,174.7772
19.6167,110.75
27.9991,120.6561
52.519,-1.995
34.0555,-117.9112
40.6024,-112.0008
40.6889,-112.0115
33.7523,-117.9938
33.9072,-98.5291
37.6896,-97.3442
50.0825,8.24
-22.57,17.0836
38.5417,-122.8086
49.8844,-97.1464
51.4333,7.3333
52.4231,10.7872
-34.4331,150.8831
52.5833,-2.1333
-33.645,19.4436
52.192,-2.22
40.1899,-75.3522
30.5872,114.2881
31.334,118.3622
51.2667,7.1833
37.9278,102.6329
31.5667,120.2833
29.8518,115.5539
23.4833,111.3167
49.7944,9.9294
19.54,-96.9275
24.4797,118.0819
30.3833,113.4
34.35,108.7167
27.8983,102.2706
19.417,-97
37.0659,114.4753
25.091,104.9011
36.6239,101.7787
34.5906,119.1801
35.91,117.78
32.1264,114.0672
38.4178,112.7233
30.9475,118.7518
35.7225,140.0997
34.8667,138.3167
49.2842,120.7283
33.3936,120.1339
21.8556,111.9627
24.9167,121.15
32.3912,119.4363
42.9044,129.5067
37.3997,121.2664
34.6269,135.6008
3.8578,11.5181
57.6167,39.85
31.8972,54.3678
56.8356,60.6128
52.6167,38.4667
20.4583,94.8732
40.1814,44.5144
45.2,33.3583
28.7596,104.64
27.8041,114.383
30.388,111.4505
38.4795,106.2254
24.1876,113.4042
40.6653,122.2297
32.2381,119.8133
26.4103,112.3913
-7.8014,110.3644
34.9667,136.6167
35.4281,133.3311
40.9466,-73.8674
53.9583,-1.0803
37.6804,112.73
22.6293,110.1507
35.0304,110.998
31.3867,120.9766
44.8249,126.5451
30.0372,121.1546
50.3,18.7833
22.7736,-102.5736
45.8,15.95
48.0033,122.7365
35.4886,139.4075
19.9833,-102.2833
-6.1667,39.2
32.1287,112.7581
34.8667,117.55
20.7167,-103.4
41.6483,-0.883
11.0667,7.7
44.2039,17.9078
40.8108,114.8811
24.5093,117.6612
21.1967,110.4031
46.0635,125.9773
23.047,112.465
27.3328,103.7144
32.2109,119.4551
22.5333,113.35
33.625,114.6418
22.2769,113.5678
29.7169,120.2314
55.6011,38.1161
32.9773,114.0253
39.4887,115.9918
27.8407,113.1469
50.2544,28.6578
29.3498,104.7645
12.5833,-16.2667
13.8,8.9833
55.1667,59.6667
41.4304,31.78
27.705,106.9336
52.524,6.097
41.1597,27.8028
40.5489,34.9533
49.95,82.6167
43.825,87.6